chunk_id,scheme,section,text
1_1,pradhan mantri kisan samman nidhi (pm-kisan),eligibility,"Scheme: pradhan mantri kisan samman nidhi (pm-kisan). Eligibility: landholding farmer families meeting scheme conditions institutional landholders, income-tax payers and specified higher-economic-status categories are excluded."
1_2,pradhan mantri kisan samman nidhi (pm-kisan),benefits,"Scheme: pradhan mantri kisan samman nidhi (pm-kisan). Benefits: ₹6,000 per year in 3 equal instalments through dbt."
1_3,pradhan mantri kisan samman nidhi (pm-kisan),age_income,Scheme: pradhan mantri kisan samman nidhi (pm-kisan). Age requirement: no fixed age limit stated. Income requirement: no fixed income ceiling income-tax payers are excluded.
1_4,pradhan mantri kisan samman nidhi (pm-kisan),coverage_category,Scheme: pradhan mantri kisan samman nidhi (pm-kisan). State or coverage: all india. Category: farmers / agriculture
1_5,pradhan mantri kisan samman nidhi (pm-kisan),application,Scheme: pradhan mantri kisan samman nidhi (pm-kisan). Application process: online farmer registration on pm-kisan portal state/ut verification and ekyc.
2_1,ayushman bharat pradhan mantri jan arogya yojana (pm-jay),eligibility,Scheme: ayushman bharat pradhan mantri jan arogya yojana (pm-jay). Eligibility: eligible poor/vulnerable households identified under scheme criteria eligibility includes specified rural deprivation and urban occupational categories.
2_2,ayushman bharat pradhan mantri jan arogya yojana (pm-jay),benefits,Scheme: ayushman bharat pradhan mantri jan arogya yojana (pm-jay). Benefits: cashless hospitalisation cover up to ₹5 lakh per family per year.
2_3,ayushman bharat pradhan mantri jan arogya yojana (pm-jay),age_income,Scheme: ayushman bharat pradhan mantri jan arogya yojana (pm-jay). Age requirement: no fixed age limit. Income requirement: no single income ceiling eligibility is based mainly on deprivation/occupational criteria.
2_4,ayushman bharat pradhan mantri jan arogya yojana (pm-jay),coverage_category,Scheme: ayushman bharat pradhan mantri jan arogya yojana (pm-jay). State or coverage: all india. Category: health / low-income & vulnerable households
2_5,ayushman bharat pradhan mantri jan arogya yojana (pm-jay),application,Scheme: ayushman bharat pradhan mantri jan arogya yojana (pm-jay). Application process: check eligibility through pm-jay/myscheme and use an empanelled hospital.
3_1,pradhan mantri awas yojana urban (pmay-u 2.0),eligibility,Scheme: pradhan mantri awas yojana urban (pmay-u 2.0). Eligibility: urban households in ews/lig/mig categories meeting housing and other conditions family must not own a pucca house.
3_2,pradhan mantri awas yojana urban (pmay-u 2.0),benefits,Scheme: pradhan mantri awas yojana urban (pmay-u 2.0). Benefits: housing assistance/subsidy depending on component central assistance can reach ₹2.50 lakh/unit in specified cases and home-loan subsidy up to ₹1.80 lakh under iss.
3_3,pradhan mantri awas yojana urban (pmay-u 2.0),age_income,Scheme: pradhan mantri awas yojana urban (pmay-u 2.0). Age requirement: no fixed age limit stated. Income requirement: ews up to ₹3 lakh lig ₹3 6 lakh mig-i ₹6 12 lakh mig-ii ₹12 18 lakh annual household income.
3_4,pradhan mantri awas yojana urban (pmay-u 2.0),coverage_category,Scheme: pradhan mantri awas yojana urban (pmay-u 2.0). State or coverage: eligible urban towns/cities across india. Category: housing / ews-lig-mig
3_5,pradhan mantri awas yojana urban (pmay-u 2.0),application,Scheme: pradhan mantri awas yojana urban (pmay-u 2.0). Application process: online registration through pmay-u 2.0 portal followed by eligibility check and beneficiary survey.
4_1,pradhan mantri awas yojana gramin (pmay-g),eligibility,Scheme: pradhan mantri awas yojana gramin (pmay-g). Eligibility: eligible rural houseless households and households living in kutcha/dilapidated houses identified through the scheme s deprivation and exclusion criteria.
4_2,pradhan mantri awas yojana gramin (pmay-g),benefits,"Scheme: pradhan mantri awas yojana gramin (pmay-g). Benefits: ₹1.20 lakh unit assistance in plain areas and ₹1.30 lakh in north-east/hill areas, with basic amenities."
4_3,pradhan mantri awas yojana gramin (pmay-g),age_income,"Scheme: pradhan mantri awas yojana gramin (pmay-g). Age requirement: no fixed age limit stated. Income requirement: household exclusion checks include earning above ₹15,000/month and other economic criteria."
4_4,pradhan mantri awas yojana gramin (pmay-g),coverage_category,Scheme: pradhan mantri awas yojana gramin (pmay-g). State or coverage: rural areas across india. Category: housing / rural poor
4_5,pradhan mantri awas yojana gramin (pmay-g),application,"Scheme: pradhan mantri awas yojana gramin (pmay-g). Application process: identification through secc/awaas+ processes, gram sabha/state verification and scheme portal processes."
5_1,pradhan mantri ujjwala yojana (pmuy),eligibility,Scheme: pradhan mantri ujjwala yojana (pmuy). Eligibility: adult woman aged 18+ from an eligible poor household no other lpg connection should exist in the household.
5_2,pradhan mantri ujjwala yojana (pmuy),benefits,Scheme: pradhan mantri ujjwala yojana (pmuy). Benefits: deposit-free lpg connection support and related connection benefits under pmuy.
5_3,pradhan mantri ujjwala yojana (pmuy),age_income,Scheme: pradhan mantri ujjwala yojana (pmuy). Age requirement: 18+ years. Income requirement: poor-household/deprivation criteria no single universal income threshold stated on the official pmuy eligibility page.
5_4,pradhan mantri ujjwala yojana (pmuy),coverage_category,Scheme: pradhan mantri ujjwala yojana (pmuy). State or coverage: all india. Category: women / clean cooking fuel / poor households
5_5,pradhan mantri ujjwala yojana (pmuy),application,Scheme: pradhan mantri ujjwala yojana (pmuy). Application process: apply through an lpg distributor or pmuy online application route with required documents.
6_1,pradhan mantri street vendor s atmanirbhar nidhi (pm svanidhi),eligibility,Scheme: pradhan mantri street vendor s atmanirbhar nidhi (pm svanidhi). Eligibility: street vendors eligible under the scheme/ulb or survey/lor requirements.
6_2,pradhan mantri street vendor s atmanirbhar nidhi (pm svanidhi),benefits,"Scheme: pradhan mantri street vendor s atmanirbhar nidhi (pm svanidhi). Benefits: collateral-free working-capital loans up to ₹15,000, ₹25,000 and ₹50,000 in progressive tranches interest subsidy and digital incentives."
6_3,pradhan mantri street vendor s atmanirbhar nidhi (pm svanidhi),age_income,Scheme: pradhan mantri street vendor s atmanirbhar nidhi (pm svanidhi). Age requirement: typically 18+ for lending. Income requirement: no fixed income ceiling stated.
6_4,pradhan mantri street vendor s atmanirbhar nidhi (pm svanidhi),coverage_category,"Scheme: pradhan mantri street vendor s atmanirbhar nidhi (pm svanidhi). State or coverage: urban, census-town and eligible peri-urban areas across india. Category: street vendors / livelihood"
6_5,pradhan mantri street vendor s atmanirbhar nidhi (pm svanidhi),application,"Scheme: pradhan mantri street vendor s atmanirbhar nidhi (pm svanidhi). Application process: apply through pm svanidhi portal, participating banks/ulbs/authorized channels."
7_1,pradhan mantri vishwakarma,eligibility,Scheme: pradhan mantri vishwakarma. Eligibility: artisans/craftspeople working with hands and tools in one of 18 specified traditional trades registration/verification through the scheme process.
7_2,pradhan mantri vishwakarma,benefits,"Scheme: pradhan mantri vishwakarma. Benefits: certificate/id, skill training with stipend, toolkit incentive up to ₹15,000, collateral-free credit up to ₹1 lakh and ₹2 lakh at concessional interest, plus digital/marketing support."
7_3,pradhan mantri vishwakarma,age_income,Scheme: pradhan mantri vishwakarma. Age requirement: 18+ years. Income requirement: no fixed income ceiling stated.
7_4,pradhan mantri vishwakarma,coverage_category,Scheme: pradhan mantri vishwakarma. State or coverage: all india. Category: artisans / craftspeople / msme livelihood
7_5,pradhan mantri vishwakarma,application,Scheme: pradhan mantri vishwakarma. Application process: registration through common service centres using the pm vishwakarma portal and biometric verification.
8_1,pradhan mantri mudra yojana (pmmy),eligibility,Scheme: pradhan mantri mudra yojana (pmmy). Eligibility: micro enterprises needing institutional credit for eligible non-farm and allied activities lending subject to participating lender rules.
8_2,pradhan mantri mudra yojana (pmmy),benefits,"Scheme: pradhan mantri mudra yojana (pmmy). Benefits: collateral-free micro-enterprise credit: shishu up to ₹50,000 kishore ₹50,000 ₹5 lakh tarun ₹5 ₹10 lakh tarun plus above ₹10 lakh up to ₹20 lakh for eligible repeat borrowers."
8_3,pradhan mantri mudra yojana (pmmy),age_income,Scheme: pradhan mantri mudra yojana (pmmy). Age requirement: no fixed age limit stated. Income requirement: no universal income ceiling stated.
8_4,pradhan mantri mudra yojana (pmmy),coverage_category,Scheme: pradhan mantri mudra yojana (pmmy). State or coverage: all india. Category: micro-enterprises / entrepreneurs
8_5,pradhan mantri mudra yojana (pmmy),application,"Scheme: pradhan mantri mudra yojana (pmmy). Application process: apply through participating banks, nbfcs, mfis and other member lending institutions."
9_1,atal pension yojana (apy),eligibility,Scheme: atal pension yojana (apy). Eligibility: indian citizen with savings bank/post-office savings account meeting apy conditions.
9_2,atal pension yojana (apy),benefits,"Scheme: atal pension yojana (apy). Benefits: guaranteed minimum pension of ₹1,000 ₹5,000 per month from age 60, depending on contribution spouse and nominee benefits also apply."
9_3,atal pension yojana (apy),age_income,Scheme: atal pension yojana (apy). Age requirement: 18 40 years at entry. Income requirement: no fixed income ceiling current tax-payer restrictions apply to new subscribers under prevailing rules.
9_4,atal pension yojana (apy),coverage_category,Scheme: atal pension yojana (apy). State or coverage: all india. Category: pension / unorganised-sector workers
9_5,atal pension yojana (apy),application,Scheme: atal pension yojana (apy). Application process: enroll through participating bank/post office using apy enrolment process.
10_1,pradhan mantri suraksha bima yojana (pmsby),eligibility,Scheme: pradhan mantri suraksha bima yojana (pmsby). Eligibility: individual account holder of a participating bank/post office.
10_2,pradhan mantri suraksha bima yojana (pmsby),benefits,Scheme: pradhan mantri suraksha bima yojana (pmsby). Benefits: accidental death/total disability cover ₹2 lakh specified partial disability ₹1 lakh premium ₹20/year.
10_3,pradhan mantri suraksha bima yojana (pmsby),age_income,Scheme: pradhan mantri suraksha bima yojana (pmsby). Age requirement: 18 70 years. Income requirement: no income ceiling stated.
10_4,pradhan mantri suraksha bima yojana (pmsby),coverage_category,Scheme: pradhan mantri suraksha bima yojana (pmsby). State or coverage: all india. Category: accident insurance / financial security
10_5,pradhan mantri suraksha bima yojana (pmsby),application,Scheme: pradhan mantri suraksha bima yojana (pmsby). Application process: enroll through participating bank/post office with consent for auto-debit.
11_1,pradhan mantri jeevan jyoti bima yojana (pmjjby),eligibility,Scheme: pradhan mantri jeevan jyoti bima yojana (pmjjby). Eligibility: individual account holder of participating bank/post office.
11_2,pradhan mantri jeevan jyoti bima yojana (pmjjby),benefits,Scheme: pradhan mantri jeevan jyoti bima yojana (pmjjby). Benefits: life cover of ₹2 lakh for death due to any cause annual premium ₹436.
11_3,pradhan mantri jeevan jyoti bima yojana (pmjjby),age_income,Scheme: pradhan mantri jeevan jyoti bima yojana (pmjjby). Age requirement: 18 50 years at entry. Income requirement: no income ceiling stated.
11_4,pradhan mantri jeevan jyoti bima yojana (pmjjby),coverage_category,Scheme: pradhan mantri jeevan jyoti bima yojana (pmjjby). State or coverage: all india. Category: life insurance / financial security
11_5,pradhan mantri jeevan jyoti bima yojana (pmjjby),application,Scheme: pradhan mantri jeevan jyoti bima yojana (pmjjby). Application process: enroll through participating bank/post office with auto-debit consent.
12_1,sukanya samriddhi account (ssa),eligibility,"Scheme: sukanya samriddhi account (ssa). Eligibility: guardian can open account for a girl child below 10 years normally one account per girl child, subject to scheme rules."
12_2,sukanya samriddhi account (ssa),benefits,"Scheme: sukanya samriddhi account (ssa). Benefits: government-backed savings account minimum ₹250 annual deposit, maximum ₹1.5 lakh/year maturity after 21 years tax benefits under applicable rules."
12_3,sukanya samriddhi account (ssa),age_income,Scheme: sukanya samriddhi account (ssa). Age requirement: girl child below 10 years at account opening. Income requirement: no income ceiling stated.
12_4,sukanya samriddhi account (ssa),coverage_category,Scheme: sukanya samriddhi account (ssa). State or coverage: all india. Category: girl child / savings / education
12_5,sukanya samriddhi account (ssa),application,"Scheme: sukanya samriddhi account (ssa). Application process: open at post office or authorized bank guardian submits required identity, residence and birth documents."
13_1,pradhan mantri matru vandana yojana (pmmvy),eligibility,"Scheme: pradhan mantri matru vandana yojana (pmmvy). Eligibility: eligible pregnant/lactating women from specified socially/economically disadvantaged groups also includes women meeting listed criteria such as sc/st, bpl, pm-jay, e-shram, mgnrega or family income below ₹8 lakh/year."
13_2,pradhan mantri matru vandana yojana (pmmvy),benefits,"Scheme: pradhan mantri matru vandana yojana (pmmvy). Benefits: ₹5,000 for first child in two instalments ₹6,000 for second child when the second child is a girl, subject to conditions."
13_3,pradhan mantri matru vandana yojana (pmmvy),age_income,Scheme: pradhan mantri matru vandana yojana (pmmvy). Age requirement: pregnant/lactating women no general age limit stated. Income requirement: one eligibility route is net family income below ₹8 lakh/year.
13_4,pradhan mantri matru vandana yojana (pmmvy),coverage_category,"Scheme: pradhan mantri matru vandana yojana (pmmvy). State or coverage: pan-india, except odisha and telangana currently not implementing pmmvy. Category: women / maternity / nutrition"
13_5,pradhan mantri matru vandana yojana (pmmvy),application,Scheme: pradhan mantri matru vandana yojana (pmmvy). Application process: eligible woman can apply through anganwadi/asha worker or directly through pmmvy portal.
14_1,pradhan mantri fasal bima yojana (pmfby),eligibility,Scheme: pradhan mantri fasal bima yojana (pmfby). Eligibility: farmers growing notified crops in notified areas and seasons under the scheme exact crop/area participation is notified by the state.
14_2,pradhan mantri fasal bima yojana (pmfby),benefits,"Scheme: pradhan mantri fasal bima yojana (pmfby). Benefits: crop insurance against notified risks farmer premium capped at 2% for kharif food/oilseed crops, 1.5% for rabi food/oilseed crops and 5% for commercial/horticultural crops."
14_3,pradhan mantri fasal bima yojana (pmfby),age_income,Scheme: pradhan mantri fasal bima yojana (pmfby). Age requirement: no fixed age limit stated. Income requirement: no income ceiling stated.
14_4,pradhan mantri fasal bima yojana (pmfby),coverage_category,Scheme: pradhan mantri fasal bima yojana (pmfby). State or coverage: participating states/uts crop and area notified by state authorities. Category: farmers / crop insurance
14_5,pradhan mantri fasal bima yojana (pmfby),application,"Scheme: pradhan mantri fasal bima yojana (pmfby). Application process: apply through official pmfby portal, authorized agencies/banks/cscs as applicable."
15_1,stand-up india,eligibility,Scheme: stand-up india. Eligibility: sc/st and/or women entrepreneurs aged above 18 setting up a greenfield enterprise loan available through scheduled commercial bank branches.
15_2,stand-up india,benefits,"Scheme: stand-up india. Benefits: bank loans from ₹10 lakh to ₹1 crore for eligible greenfield enterprises in manufacturing, services, trading or allied agriculture activities."
15_3,stand-up india,age_income,Scheme: stand-up india. Age requirement: 18+ years. Income requirement: no universal income ceiling stated.
15_4,stand-up india,coverage_category,Scheme: stand-up india. State or coverage: all india. Category: sc/st / women entrepreneurs / business
15_5,stand-up india,application,"Scheme: stand-up india. Application process: apply at a scheduled commercial bank branch, through stand-up india portal or via lead district manager."
